Ciudad,etiquetas,e_1,e_2,e_3
Achocalla,agua,agua,,
Bermejo,organización socioespacial,organización socioespacial,,
Caranavi,interacción urbano-rural,interacción urbano-rural,,
Chulumani,demografía,demografía,,
Cobija,"migración,comercio",migración,comercio,
Cochabamba,"movimientos sociales,historia",movimientos sociales,historia,
Cochabamba,organización socioespacial,organización socioespacial,,
Cochabamba,migración,migración,,
Cochabamba,organización socioespacial,organización socioespacial,,
Cochabamba,"mercado,economía",mercado,economía,
Cochabamba,élites,élites,,
Cochabamba,"historia,organización socioespacial",historia,organización socioespacial,
Cochabamba,"movimientos sociales,historia",movimientos sociales,historia,
Cochabamba,"género,historia",género,historia,
Cochabamba,identidad,identidad,,
Cochabamba,medio ambiente,medio ambiente,,
Cochabamba,"género,desigualdad",género,desigualdad,
Cochabamba,"movimientos sociales,juventud,identidad",movimientos sociales,juventud,identidad
Cochabamba,"residuos,medio ambiente",residuos,medio ambiente,
Cochabamba,organización socioespacial,organización socioespacial,,
Cochabamba,organización socioespacial,organización socioespacial,,
Cochabamba,cultura,cultura,,
Cochabamba,recursos naturales,recursos naturales,,
Cochabamba,"salud,vivienda,educación",salud,vivienda,educación
Cochabamba,"política,movimientos sociales",política,movimientos sociales,
Cochabamba,gestión municipal,gestión municipal,,
Cochabamba,"internet,tecnología",internet,tecnología,
Cochabamba,género,género,,
Cochabamba,investigación urbana,investigación urbana,,
Cochabamba,vivienda,vivienda,,
Cochabamba,élites,élites,,
Cochabamba,"suelo urbano,vivienda",suelo urbano,vivienda,
Cochabamba,"género,política",género,política,
Cochabamba,movimientos sociales,movimientos sociales,,
Cochabamba,investigación urbana,investigación urbana,,
Cochabamba,"segregación socioespacial,desigualdad",segregación socioespacial,desigualdad,
Cochabamba,inseguridad ciudadana,inseguridad ciudadana,,
Cochabamba,"élites,identidad",élites,identidad,
Cochabamba,"movimientos sociales,barrios populares",movimientos sociales,barrios populares,
Cochabamba,"movimientos sociales,barrios populares",movimientos sociales,barrios populares,
Cochabamba,demografía,demografía,,
Cochabamba,investigación urbana,investigación urbana,,
Cochabamba,"movimientos sociales,política",movimientos sociales,política,
Cochabamba,desigualdad,desigualdad,,
Cochabamba,élites,élites,,
Cochabamba,"migración,desigualdad",migración,desigualdad,
Cochabamba,"imaginarios urbanos,violencia,segregación socioespacial",imaginarios urbanos,violencia,segregación socioespacial
Cochabamba,"desigualdad,segregación socioespacial",desigualdad,segregación socioespacial,
Cochabamba,movimientos sociales,movimientos sociales,,
Cochabamba,migración,migración,,
Cochabamba,"comercio,mercado",comercio,mercado,
Cochabamba,arte y consumo cultural,arte y consumo cultural,,
Cochabamba,"discriminación,segregación socioespacial",discriminación,segregación socioespacial,
Cochabamba,"indígenas urbanos,desigualdad",indígenas urbanos,desigualdad,
Cochabamba,"imaginarios urbanos,juventud",imaginarios urbanos,juventud,
Cochabamba,"política,identidad",política,identidad,
Cochabamba,"uso de suelo,riesgo",uso de suelo,riesgo,
Cochabamba,"género,migración",género,migración,
Cochabamba,comercio,comercio,,
Cochabamba,identidad,identidad,,
Cochabamba,"migración,comercio",migración,comercio,
Cochabamba,migración,migración,,
Cochabamba,fiestas,fiestas,,
Cochabamba,"identidad,espacio público",identidad,espacio público,
Cochabamba,"suelo urbano,riesgo",suelo urbano,riesgo,
Cochabamba,"participación social,barrios populares",participación social,barrios populares,
Cochabamba,"historia,género",historia,género,
Cochabamba,historia,historia,,
Cochabamba,identidad,identidad,,
Cochabamba,migración,migración,,
Cochabamba,"discriminación,segregación socioespacial,violencia",discriminación,segregación socioespacial,violencia
Cochabamba,fiestas,fiestas,,
Cochabamba,"movimientos sociales,barrios populares",movimientos sociales,barrios populares,
Cochabamba,"agua,desigualdad",agua,desigualdad,
Cochabamba,medio ambiente,medio ambiente,,
Cochabamba,"medio ambiente,biodiversidad",medio ambiente,biodiversidad,
Cochabamba,migración,migración,,
Cochabamba,inseguridad ciudadana,inseguridad ciudadana,,
Cochabamba,inseguridad ciudadana,inseguridad ciudadana,,
Cochabamba,inseguridad ciudadana,inseguridad ciudadana,,
Cochabamba,inseguridad ciudadana,inseguridad ciudadana,,
Cochabamba,asentamientos informales,asentamientos informales,,
Cochabamba,juventud,juventud,,
Cochabamba,transporte,transporte,,
Cochabamba,"agua,desigualdad",agua,desigualdad,
Cochabamba,lengua,lengua,,
Cochabamba,desigualdad,desigualdad,,
Cochabamba,inseguridad ciudadana,inseguridad ciudadana,,
Cochabamba,"inseguridad ciudadana,barrios populares",inseguridad ciudadana,barrios populares,
Cochabamba,inseguridad ciudadana,inseguridad ciudadana,,
Cochabamba,imaginarios urbanos,imaginarios urbanos,,
Cochabamba,inseguridad ciudadana,inseguridad ciudadana,,
Cochabamba,inseguridad ciudadana,inseguridad ciudadana,,
Cochabamba,inseguridad ciudadana,inseguridad ciudadana,,
Cochabamba,inseguridad ciudadana,inseguridad ciudadana,,
Cochabamba,participación social,participación social,,
Cochabamba,violencia,violencia,,
Cochabamba,"inseguridad ciudadana,desigualdad",inseguridad ciudadana,desigualdad,
Cochabamba,"vivienda,salud",vivienda,salud,
Cochabamba,"medio ambiente,calidad del aire",medio ambiente,calidad del aire,
Cochabamba,lengua,lengua,,
Cochabamba,"medio ambiente,arbolado urbano",medio ambiente,arbolado urbano,
Cochabamba,violencia,violencia,,
Cochabamba,segregación socioespacial,segregación socioespacial,,
Cochabamba,imaginarios urbanos,imaginarios urbanos,,
Cochabamba,identidad,identidad,,
Cochabamba,metropolización,metropolización,,
Cochabamba,empleo,empleo,,
Cochabamba,calidad de vida,calidad de vida,,
Cochabamba,mercado de suelo,mercado de suelo,,
Cochabamba,energía,energía,,
Cochabamba,inseguridad ciudadana,inseguridad ciudadana,,
Cochabamba,"agua,fragmentación urbana",agua,fragmentación urbana,
Cochabamba,arbolado urbano,arbolado urbano,,
Cochabamba,espacio público,espacio público,,
Cochabamba,fragmentación urbana,fragmentación urbana,,
Cochabamba,comercio,comercio,,
Cochabamba,"agua,desigualdad",agua,desigualdad,
Cochabamba,"gestión municipal,agua",gestión municipal,agua,
Cochabamba,agua,agua,,
Cochabamba,agua,agua,,
Cochabamba,medio ambiente,medio ambiente,,
Cochabamba,fragmentación urbana,fragmentación urbana,,
Cochabamba,vivienda,vivienda,,
Cochabamba,interacción urbano-rural,interacción urbano-rural,,
Cochabamba,élites,élites,,
Cochabamba,élites,élites,,
Cochabamba,metropolización,metropolización,,
Cochabamba,metropolización,metropolización,,
Cochabamba,desigualdad,desigualdad,,
Cochabamba,"barrios populares,participación social",barrios populares,participación social,
Cochabamba,metropolización,metropolización,,
Cochabamba,metropolización,metropolización,,
Cochabamba,participación social,participación social,,
Cochabamba,migración,migración,,
Cochabamba,calidad de vida,calidad de vida,,
Cochabamba,medio ambiente,medio ambiente,,
Cochabamba,empleo,empleo,,
Cochabamba,empleo,empleo,,
Cochabamba,finanzas,finanzas,,
Cochabamba,cultura,cultura,,
Cochabamba,gestión municipal,gestión municipal,,
Cochabamba,transporte,transporte,,
Cochabamba,medio ambiente,medio ambiente,,
Cochabamba,medio ambiente,medio ambiente,,
Cochabamba,"recursos naturales,empleo",recursos naturales,empleo,
Cochabamba,vivienda,vivienda,,
Cochabamba,patrimonio,patrimonio,,
Cochabamba,mercado de suelo,mercado de suelo,,
Cochabamba,"barrios populares,movimientos sociales",barrios populares,movimientos sociales,
Cochabamba,barrios populares,barrios populares,,
Cochabamba,género,género,,
Cochabamba,"género,violencia",género,violencia,
Cochabamba,política,política,,
Cochabamba,finanzas,finanzas,,
Cochabamba,empleo,empleo,,
Cochabamba,metropolización,metropolización,,
Cochabamba,energía,energía,,
Cochabamba,empleo,empleo,,
Cochabamba,"internet,movimientos sociales,tecnología",internet,movimientos sociales,tecnología
Cochabamba,gestión municipal,gestión municipal,,
Colomi,organización socioespacial,organización socioespacial,,
El Alto,barrios populares,barrios populares,,
El Alto,movimientos sociales,movimientos sociales,,
El Alto,"juventud,identidad,etnicidad",juventud,identidad,etnicidad
El Alto,"calidad de vida,desigualdad",calidad de vida,desigualdad,
El Alto,"juventud,identidad,etnicidad",juventud,identidad,etnicidad
El Alto,"juventud,identidad,etnicidad",juventud,identidad,etnicidad
El Alto,"juventud,identidad,etnicidad",juventud,identidad,etnicidad
El Alto,"juventud,identidad,etnicidad",juventud,identidad,etnicidad
El Alto,"juventud,identidad,etnicidad",juventud,identidad,etnicidad
El Alto,"juventud,salud sexual",juventud,salud sexual,
El Alto,movimientos sociales,movimientos sociales,,
El Alto,"movimientos sociales,barrios populares",movimientos sociales,barrios populares,
El Alto,"juventud,identidad,etnicidad",juventud,identidad,etnicidad
El Alto,"barrios populares,movimientos sociales",barrios populares,movimientos sociales,
El Alto,"política,identidad,juventud",política,identidad,juventud
El Alto,historia,historia,,
El Alto,"juventud,identidad,etnicidad",juventud,identidad,etnicidad
El Alto,"género,violencia",género,violencia,
El Alto,"género,política",género,política,
El Alto,vivienda,vivienda,,
El Alto,inseguridad ciudadana,inseguridad ciudadana,,
El Alto,"juventud,identidad,etnicidad",juventud,identidad,etnicidad
El Alto,"juventud,identidad,etnicidad",juventud,identidad,etnicidad
El Alto,barrios populares,barrios populares,,
El Alto,"comercio,mercado",comercio,mercado,
El Alto,"indígenas urbanos,desigualdad",indígenas urbanos,desigualdad,
El Alto,gestión municipal,gestión municipal,,
El Alto,"participación social,agua",participación social,agua,
El Alto,arquitectura,arquitectura,,
El Alto,salud sexual,salud sexual,,
El Alto,"salud sexual,género,violencia",salud sexual,género,violencia
El Alto,"barrios populares,movimientos sociales",barrios populares,movimientos sociales,
El Alto,"barrios populares,movimientos sociales",barrios populares,movimientos sociales,
El Alto,barrios populares,barrios populares,,
El Alto,movimientos sociales,movimientos sociales,,
El Alto,inseguridad ciudadana,inseguridad ciudadana,,
El Alto,desigualdad,desigualdad,,
El Alto,"movimientos sociales,barrios populares",movimientos sociales,barrios populares,
El Alto,desigualdad,desigualdad,,
El Alto,empleo,empleo,,
El Alto,vivienda,vivienda,,
El Alto,inseguridad ciudadana,inseguridad ciudadana,,
El Alto,vivienda,vivienda,,
El Alto,inseguridad ciudadana,inseguridad ciudadana,,
El Alto,"vivienda,empleo",vivienda,empleo,
El Alto,migración,migración,,
El Alto,migración,migración,,
El Alto,empleo,empleo,,
El Alto,"barrios populares,movimientos sociales",barrios populares,movimientos sociales,
El Alto,geografías urbanas,geografías urbanas,,
El Alto,agua,agua,,
El Alto,agua,agua,,
El Alto,agua,agua,,
El Alto,agua,agua,,
El Alto,seguridad alimentaria,seguridad alimentaria,,
El Alto,"movimientos sociales,género",movimientos sociales,género,
El Alto,"fauna urbana,medio ambiente",fauna urbana,medio ambiente,
El Alto,identidad,identidad,,
El Alto,"violencia,niñez",violencia,niñez,
El Alto,identidad,identidad,,
El Alto,metropolización,metropolización,,
El Alto,vivienda,vivienda,,
El Alto,"vulnerabilidad,riesgo",vulnerabilidad,riesgo,
El Alto,gestión municipal,gestión municipal,,
El Alto,metropolización,metropolización,,
El Alto,metropolización,metropolización,,
La Guardia,"élites,gestión municipal",élites,gestión municipal,
La Paz,agua,agua,,
La Paz,barrios populares,barrios populares,,
La Paz,élites,élites,,
La Paz,élites,élites,,
La Paz,metropolización,metropolización,,
La Paz,metropolización,metropolización,,
La Paz,desigualdad,desigualdad,,
La Paz,"barrios populares,participación social",barrios populares,participación social,
La Paz,metropolización,metropolización,,
La Paz,metropolización,metropolización,,
La Paz,participación social,participación social,,
La Paz,migración,migración,,
La Paz,calidad de vida,calidad de vida,,
La Paz,medio ambiente,medio ambiente,,
La Paz,empleo,empleo,,
La Paz,empleo,empleo,,
La Paz,finanzas,finanzas,,
La Paz,cultura,cultura,,
La Paz,gestión municipal,gestión municipal,,
La Paz,transporte,transporte,,
La Paz,medio ambiente,medio ambiente,,
La Paz,medio ambiente,medio ambiente,,
La Paz,"recursos naturales,empleo",recursos naturales,empleo,
La Paz,vivienda,vivienda,,
La Paz,"movimientos sociales,historia",movimientos sociales,historia,
La Paz,segregación socioespacial,segregación socioespacial,,
La Paz,migración,migración,,
La Paz,género,género,,
La Paz,movimientos sociales,movimientos sociales,,
La Paz,género,género,,
La Paz,movimientos sociales,movimientos sociales,,
La Paz,desigualdad,desigualdad,,
La Paz,"agua,medio ambiente",agua,medio ambiente,
La Paz,arte y consumo cultural,arte y consumo cultural,,
La Paz,"juventud,identidad,etnicidad",juventud,identidad,etnicidad
La Paz,identidad,identidad,,
La Paz,"mercado,economía",mercado,economía,
La Paz,"élites,identidad",élites,identidad,
La Paz,"juventud,segregación socioespacial",juventud,segregación socioespacial,
La Paz,"mercado,economía",mercado,economía,
La Paz,"vivienda,barrios populares",vivienda,barrios populares,
La Paz,"mercado,comercio",mercado,comercio,
La Paz,educación,educación,,
La Paz,historia,historia,,
La Paz,política,política,,
La Paz,economía,economía,,
La Paz,organización socioespacial,organización socioespacial,,
La Paz,empleo,empleo,,
La Paz,espacio público,espacio público,,
La Paz,"medio ambiente,fauna urbana",medio ambiente,fauna urbana,
La Paz,empleo,empleo,,
La Paz,"comercio,mercado",comercio,mercado,
La Paz,investigación urbana,investigación urbana,,
La Paz,participación social,participación social,,
La Paz,"transporte,empleo",transporte,empleo,
La Paz,investigación urbana,investigación urbana,,
La Paz,investigación urbana,investigación urbana,,
La Paz,"riesgo,vivienda,desigualdad",riesgo,vivienda,desigualdad
La Paz,cultura,cultura,,
La Paz,discriminación,discriminación,,
La Paz,demografía,demografía,,
La Paz,desigualdad,desigualdad,,
La Paz,fiestas,fiestas,,
La Paz,movimientos sociales,movimientos sociales,,
La Paz,migración,migración,,
La Paz,"transporte,empleo",transporte,empleo,
La Paz,"identidad,organización socioespacial",identidad,organización socioespacial,
La Paz,género,género,,
La Paz,"riesgo,inseguridad ciudadana",riesgo,inseguridad ciudadana,
La Paz,cultura,cultura,,
La Paz,transporte,transporte,,
La Paz,transporte,transporte,,
La Paz,transporte,transporte,,
La Paz,transporte,transporte,,
La Paz,transporte,transporte,,
La Paz,transporte,transporte,,
La Paz,transporte,transporte,,
La Paz,transporte,transporte,,
La Paz,transporte,transporte,,
La Paz,"juventud,violencia",juventud,violencia,
La Paz,comercio,comercio,,
La Paz,gestión municipal,gestión municipal,,
La Paz,comercio,comercio,,
La Paz,"comercio,mercado",comercio,mercado,
La Paz,"juventud,violencia",juventud,violencia,
La Paz,educación,educación,,
La Paz,inseguridad ciudadana,inseguridad ciudadana,,
La Paz,comercio,comercio,,
La Paz,comercio,comercio,,
La Paz,gestión municipal,gestión municipal,,
La Paz,violencia,violencia,,
La Paz,mercado,mercado,,
La Paz,mercado,mercado,,
La Paz,educación,educación,,
La Paz,metropolización,metropolización,,
La Paz,metropolización,metropolización,,
La Paz,geografías urbanas,geografías urbanas,,
La Paz,agua,agua,,
La Paz,historia,historia,,
La Paz,"agua,desigualdad",agua,desigualdad,
La Paz,multilocalidad,multilocalidad,,
La Paz,empleo,empleo,,
La Paz,imaginarios urbanos,imaginarios urbanos,,
La Paz,"residuos,empleo",residuos,empleo,
La Paz,identidad,identidad,,
La Paz,"discriminación,segregación socioespacial,violencia",discriminación,segregación socioespacial,violencia
La Paz,"agua,desigualdad",agua,desigualdad,
La Paz,agua,agua,,
La Paz,agua,agua,,
La Paz,agua,agua,,
La Paz,agua,agua,,
La Paz,agua,agua,,
La Paz,agua,agua,,
La Paz,agua,agua,,
La Paz,agua,agua,,
La Paz,agua,agua,,
La Paz,"residuos,empleo",residuos,empleo,
La Paz,seguridad alimentaria,seguridad alimentaria,,
La Paz,seguridad alimentaria,seguridad alimentaria,,
La Paz,"barrios populares,movimientos sociales",barrios populares,movimientos sociales,
La Paz,barrios populares,barrios populares,,
La Paz,género,género,,
La Paz,"género,violencia",género,violencia,
La Paz,política,política,,
La Paz,finanzas,finanzas,,
La Paz,empleo,empleo,,
La Paz,metropolización,metropolización,,
La Paz,energía,energía,,
La Paz,empleo,empleo,,
La Paz,"internet,movimientos sociales,tecnología",internet,movimientos sociales,tecnología
La Paz,"movimientos sociales,género",movimientos sociales,género,
La Paz,"fauna urbana,medio ambiente",fauna urbana,medio ambiente,
La Paz,identidad,identidad,,
La Paz,"violencia,niñez",violencia,niñez,
La Paz,identidad,identidad,,
La Paz,metropolización,metropolización,,
La Paz,vivienda,vivienda,,
La Paz,"vulnerabilidad,riesgo",vulnerabilidad,riesgo,
La Paz,gestión municipal,gestión municipal,,
La Paz,metropolización,metropolización,,
La Paz,metropolización,metropolización,,
La Paz,organización socioespacial,organización socioespacial,,
La Paz,multilocalidad,multilocalidad,,
Mecapaca,agua,agua,,
Oruro,planificación urbana,planificación urbana,,
Oruro,imaginarios urbanos,imaginarios urbanos,,
Oruro,participación social,participación social,,
Oruro,élites indígenas,élites indígenas,,
Oruro,multilocalidad,multilocalidad,,
Potosí,organización socioespacial,organización socioespacial,,
Potosí,"economía,organización social,historia",economía,organización social,historia
Potosí,salud,salud,,
Potosí,"economía,organización social",economía,organización social,
Potosí,"economía,organización social",economía,organización social,
Potosí,economía,economía,,
Potosí,organización socioespacial,organización socioespacial,,
Potosí,"calidad de vida,desigualdad",calidad de vida,desigualdad,
Potosí,organización socioespacial,organización socioespacial,,
Potosí,imaginarios urbanos,imaginarios urbanos,,
Potosí,"empleo,comercio",empleo,comercio,
Quillacollo,"élites,gestión municipal",élites,gestión municipal,
Quillacollo,gestión municipal,gestión municipal,,
Sacaba,mercado de suelo,mercado de suelo,,
Sacaba,agua,agua,,
Sacaba,gestión municipal,gestión municipal,,
Santa Cruz,"barrios populares,movimientos sociales",barrios populares,movimientos sociales,
Santa Cruz,barrios populares,barrios populares,,
Santa Cruz,género,género,,
Santa Cruz,"género,violencia",género,violencia,
Santa Cruz,política,política,,
Santa Cruz,finanzas,finanzas,,
Santa Cruz,empleo,empleo,,
Santa Cruz,metropolización,metropolización,,
Santa Cruz,energía,energía,,
Santa Cruz,empleo,empleo,,
Santa Cruz,élites,élites,,
Santa Cruz,élites,élites,,
Santa Cruz,metropolización,metropolización,,
Santa Cruz,metropolización,metropolización,,
Santa Cruz,desigualdad,desigualdad,,
Santa Cruz,"barrios populares,participación social",barrios populares,participación social,
Santa Cruz,metropolización,metropolización,,
Santa Cruz,metropolización,metropolización,,
Santa Cruz,participación social,participación social,,
Santa Cruz,migración,migración,,
Santa Cruz,calidad de vida,calidad de vida,,
Santa Cruz,medio ambiente,medio ambiente,,
Santa Cruz,empleo,empleo,,
Santa Cruz,empleo,empleo,,
Santa Cruz,finanzas,finanzas,,
Santa Cruz,cultura,cultura,,
Santa Cruz,gestión municipal,gestión municipal,,
Santa Cruz,transporte,transporte,,
Santa Cruz,medio ambiente,medio ambiente,,
Santa Cruz,medio ambiente,medio ambiente,,
Santa Cruz,"recursos naturales,empleo",recursos naturales,empleo,
Santa Cruz,vivienda,vivienda,,
Santa Cruz,migración,migración,,
Santa Cruz,identidad,identidad,,
Santa Cruz,identidad,identidad,,
Santa Cruz,identidad,identidad,,
Santa Cruz,identidad,identidad,,
Santa Cruz,"indígenas urbanos,desigualdad",indígenas urbanos,desigualdad,
Santa Cruz,desigualdad,desigualdad,,
Santa Cruz,"economía,política",economía,política,
Santa Cruz,"indígenas urbanos,desigualdad",indígenas urbanos,desigualdad,
Santa Cruz,identidad,identidad,,
Santa Cruz,identidad,identidad,,
Santa Cruz,identidad,identidad,,
Santa Cruz,desigualdad,desigualdad,,
Santa Cruz,"indígenas urbanos,desigualdad",indígenas urbanos,desigualdad,
Santa Cruz,"identidad,movimientos sociales",identidad,movimientos sociales,
Santa Cruz,historia,historia,,
Santa Cruz,"comercio,mercado",comercio,mercado,
Santa Cruz,"salud,vivienda,educación",salud,vivienda,educación
Santa Cruz,"política,movimientos sociales",política,movimientos sociales,
Santa Cruz,identidad,identidad,,
Santa Cruz,género,género,,
Santa Cruz,élites,élites,,
Santa Cruz,gestión municipal,gestión municipal,,
Santa Cruz,élites,élites,,
Santa Cruz,migración,migración,,
Santa Cruz,"indígenas urbanos,desigualdad",indígenas urbanos,desigualdad,
Santa Cruz,"discriminación,barrios populares,movimientos sociales",discriminación,barrios populares,movimientos sociales
Santa Cruz,"discriminación,barrios populares,movimientos sociales",discriminación,barrios populares,movimientos sociales
Santa Cruz,"discriminación,interacción urbano-rural",discriminación,interacción urbano-rural,
Santa Cruz,gestión municipal,gestión municipal,,
Santa Cruz,identidad,identidad,,
Santa Cruz,vivienda,vivienda,,
Santa Cruz,identidad,identidad,,
Santa Cruz,"transporte,empleo",transporte,empleo,
Santa Cruz,educación,educación,,
Santa Cruz,"movimientos sociales,barrios populares",movimientos sociales,barrios populares,
Santa Cruz,transporte,transporte,,
Santa Cruz,planificación urbana,planificación urbana,,
Santa Cruz,"internet,tecnología",internet,tecnología,
Santa Cruz,política,política,,
Santa Cruz,historia,historia,,
Santa Cruz,transporte,transporte,,
Santa Cruz,planificación urbana,planificación urbana,,
Santa Cruz,educación,educación,,
Santa Cruz,juventud,juventud,,
Santa Cruz,historia,historia,,
Santa Cruz,"planificación urbana,asentamientos informales",planificación urbana,asentamientos informales,
Santa Cruz,historia,historia,,
Santa Cruz,planificación urbana,planificación urbana,,
Santa Cruz,metropolización,metropolización,,
Santa Cruz,fauna urbana,fauna urbana,,
Santa Cruz,vivienda,vivienda,,
Santa Cruz,"internet,movimientos sociales,tecnología",internet,movimientos sociales,tecnología
Sipe Sipe,"agua,medio ambiente",agua,medio ambiente,
Sucre,identidad,identidad,,
Sucre,"género,violencia,migración",género,violencia,migración
Sucre,imaginarios urbanos,imaginarios urbanos,,
Sucre,imaginarios urbanos,imaginarios urbanos,,
Sucre,"discriminación,segregación socioespacial",discriminación,segregación socioespacial,
Tarija,"movimientos sociales,historia",movimientos sociales,historia,
Tarija,imaginarios urbanos,imaginarios urbanos,,
Tarija,imaginarios urbanos,imaginarios urbanos,,
Tarija,arte y consumo cultural,arte y consumo cultural,,
Tarija,investigación urbana,investigación urbana,,
Tarija,"suelo urbano,interacción urbano-rural",suelo urbano,interacción urbano-rural,
Trinidad,"indígenas urbanos,desigualdad",indígenas urbanos,desigualdad,
Trinidad,niñez,niñez,,
Urbanización boliviana,desigualdad,desigualdad,,
Urbanización boliviana,asentamientos informales,asentamientos informales,,
Urbanización boliviana,vivienda,vivienda,,
Urbanización boliviana,arquitectura,arquitectura,,
Urbanización boliviana,arte y consumo cultural,arte y consumo cultural,,
Urbanización boliviana,arte y consumo cultural,arte y consumo cultural,,
Urbanización boliviana,demografía,demografía,,
Urbanización boliviana,empleo,empleo,,
Urbanización boliviana,empleo,empleo,,
Urbanización boliviana,movimientos sociales,movimientos sociales,,
Urbanización boliviana,empleo,empleo,,
Urbanización boliviana,migración,migración,,
Urbanización boliviana,investigación urbana,investigación urbana,,
Urbanización boliviana,investigación urbana,investigación urbana,,
Urbanización boliviana,arte y consumo cultural,arte y consumo cultural,,
Urbanización boliviana,imaginarios urbanos,imaginarios urbanos,,
Urbanización boliviana,demografía,demografía,,
Urbanización boliviana,vivienda,vivienda,,
Urbanización boliviana,investigación urbana,investigación urbana,,
Urbanización boliviana,segregación socioespacial,segregación socioespacial,,
Urbanización boliviana,investigación urbana,investigación urbana,,
Urbanización boliviana,gestión municipal,gestión municipal,,
Urbanización boliviana,gestión municipal,gestión municipal,,
Urbanización boliviana,gestión municipal,gestión municipal,,
Urbanización boliviana,"movimientos sociales,barrios populares",movimientos sociales,barrios populares,
Urbanización boliviana,"indígenas urbanos,desigualdad",indígenas urbanos,desigualdad,
Urbanización boliviana,investigación urbana,investigación urbana,,
Urbanización boliviana,organización socioespacial,organización socioespacial,,
Urbanización boliviana,"organización socioespacial,desigualdad",organización socioespacial,desigualdad,
Urbanización boliviana,migración,migración,,
Urbanización boliviana,identidad,identidad,,
Urbanización boliviana,planificación urbana,planificación urbana,,
Urbanización boliviana,"riesgo,vivienda,desigualdad",riesgo,vivienda,desigualdad
Urbanización boliviana,"participación social,barrios populares",participación social,barrios populares,
Urbanización boliviana,barrios populares,barrios populares,,
Urbanización boliviana,espacio público,espacio público,,
Urbanización boliviana,"vivienda,género",vivienda,género,
Urbanización boliviana,desigualdad,desigualdad,,
Urbanización boliviana,"vivienda,participación social",vivienda,participación social,
Urbanización boliviana,"interacción urbano-rural,desigualdad",interacción urbano-rural,desigualdad,
Urbanización boliviana,interacción urbano-rural,interacción urbano-rural,,
Urbanización boliviana,interacción urbano-rural,interacción urbano-rural,,
Urbanización boliviana,interacción urbano-rural,interacción urbano-rural,,
Urbanización boliviana,fiestas,fiestas,,
Urbanización boliviana,fiestas,fiestas,,
Urbanización boliviana,imaginarios urbanos,imaginarios urbanos,,
Urbanización boliviana,investigación urbana,investigación urbana,,
Urbanización boliviana,migración,migración,,
Urbanización boliviana,desigualdad,desigualdad,,
Urbanización boliviana,comercio,comercio,,
Urbanización boliviana,demografía,demografía,,
Urbanización boliviana,riesgo,riesgo,,
Urbanización boliviana,vivienda,vivienda,,
Urbanización boliviana,vivienda,vivienda,,
Urbanización boliviana,"violencia,inseguridad ciudadana",violencia,inseguridad ciudadana,
Urbanización boliviana,asentamientos informales,asentamientos informales,,
Urbanización boliviana,asentamientos informales,asentamientos informales,,
Urbanización boliviana,investigación urbana,investigación urbana,,
Urbanización boliviana,imaginarios urbanos,imaginarios urbanos,,
Urbanización boliviana,inseguridad ciudadana,inseguridad ciudadana,,
Urbanización boliviana,inseguridad ciudadana,inseguridad ciudadana,,
Urbanización boliviana,seguridad alimentaria,seguridad alimentaria,,
Urbanización boliviana,seguridad alimentaria,seguridad alimentaria,,
Urbanización boliviana,seguridad alimentaria,seguridad alimentaria,,
Urbanización boliviana,seguridad alimentaria,seguridad alimentaria,,
Urbanización boliviana,mercado de suelo,mercado de suelo,,
Urbanización boliviana,género,género,,
Urbanización boliviana,seguridad alimentaria,seguridad alimentaria,,
Urbanización boliviana,seguridad alimentaria,seguridad alimentaria,,
Urbanización boliviana,seguridad alimentaria,seguridad alimentaria,,
Urbanización boliviana,seguridad alimentaria,seguridad alimentaria,,
Urbanización boliviana,vivienda,vivienda,,
Urbanización boliviana,investigación urbana,investigación urbana,,
Urbanización boliviana,desigualdad,desigualdad,,
Urbanización boliviana,vivienda,vivienda,,
Urbanización boliviana,vivienda,vivienda,,
Urbanización boliviana,agricultura urbana,agricultura urbana,,
Urbanización boliviana,vivienda,vivienda,,
Urbanización boliviana,mercado de suelo,mercado de suelo,,
Urbanización boliviana,biomímesis,biomímesis,,
Urbanización boliviana,biomímesis,biomímesis,,
Urbanización boliviana,biomímesis,biomímesis,,
Urbanización boliviana,biomímesis,biomímesis,,
Urbanización boliviana,biomímesis,biomímesis,,
Urbanización boliviana,biomímesis,biomímesis,,
Urbanización boliviana,biomímesis,biomímesis,,
Urbanización boliviana,agua,agua,,
Urbanización boliviana,agua,agua,,
Urbanización boliviana,planificación urbana,planificación urbana,,
Urbanización boliviana,vivienda,vivienda,,
Urbanización boliviana,vivienda,vivienda,,
Urbanización boliviana,"mercado de suelo,asentamientos informales",mercado de suelo,asentamientos informales,
Urbanización boliviana,planificación urbana,planificación urbana,,
Urbanización boliviana,transporte,transporte,,
Urbanización boliviana,tecnología,tecnología,,
Urbanización boliviana,arquitectura,arquitectura,,
Urbanización boliviana,"demografía,organización socioespacial",demografía,organización socioespacial,
Urbanización boliviana,tecnología,tecnología,,
Viacha,"élites,gestión municipal",élites,gestión municipal,
Viacha,"interacción urbano-rural,metropolización",interacción urbano-rural,metropolización,
Vinto,"agua,medio ambiente",agua,medio ambiente,